Product ID,title,features,description,store,details,parent_asin
1,"Aichoof 1.5 Pound Bread Pan for Baking(2-PCS), Meat Loaf Pan for Homemade Baking, Non-Stick Silicone Loaf Pan for Baking, BPA Free, Dishwasher, Microwave, Oven and Freezer Safe-Grey","['Food-grade silicone loaf pan: This is made of food-grade silicone, non-stick material for quick release and easy to clean.', 'Better heat transfer effect: The bottom of the loaf pan is designed with wavy patterns and arcs, which can better transfer heat and reinforce the bottom.', 'Silicone bread pan for baking: This silicon bread pan is so easy to use that you can make bread, toast, cake, brownie, meat loaf, etc.', 'Easy-to-use silicone bread mold: The inner wall of this loaf pan is polished, you can easily push out the bread, and it is easy to clean.', 'Operating temperature: The operating temperature of this product is -40‚Ñâ~440‚Ñâ, so it can be used in microwave, oven, freezer.']","['The Silicone Bread Loaf Pan is perfect for baking bread loaf, browines, fruit cakes. Etc;. Non-stick design make it very easy to take out the bread from the silicone bread loaf pan. It is made of 100% food degree silicone, eco-friendly and non-toxic to human body. It can stand the temperature up to 220¬∞C in microwave or oven. Very easy to clean and dishwasher free.']",Aichoof,"{""Material"": ""Silicone"", ""Brand"": ""Aichoof"", ""Color"": ""Gray"", ""Shape"": ""Rectangular"", ""Special Feature"": ""Freezer Safe, Microwave Safe, Nonstick"", ""Capacity"": ""1.5 Pounds"", ""Occasion"": ""Wedding, Christmas, Birthday, Valentine's Day"", ""Included Components"": ""Cake Dish"", ""Product Care Instructions"": ""Microwave Safe, Dishwasher Safe"", ""Upper Temperature Rating"": ""220 Degrees Celsius"", ""Is Dishwasher Safe"": ""Yes"", ""Package Dimensions"": ""9.92 x 6.34 x 3.54 inches"", ""Item Weight"": ""15.3 ounces"", ""Manufacturer"": ""Aichoof"", ""Country of Origin"": ""China"", ""Best Sellers Rank"": {""Kitchen & Dining"": 113854, ""Loaf Pans"": 292}, ""Date First Available"": ""February 22, 2020""}",B0B9XV7T5Y
2,uxcell 100% Charmeuse Pure Silk Pillowcase Pillow Case Cover for Hair & Skin 19 Momme (1-Piece) Pearl White Travel(14x20inch),"['FABRIC: The silk pillowcase is made with 100% Grade A long standard mulberry silk fabric on both sides in 19 Momme 400 thread count.Hand wash', 'High-quality silk can help avoid hair from becoming knotted and matted, and it can reduce facial wrinkles. Silk never absorbs facial moisture. You will wake up with shiny hair and healthy skin', 'Benefits: Breathable, Comfortable, Healthy, Chemical-free, Anti-aging, Less Absorbent, Reducing facial wrinkles and avoiding dry/ knotted hair when you use it with long term', 'Care Instructions: Silk is a protein structure much like human hair. Suggest hand wash separately in cold water. Use a mild or specially formulated silk shampoos. Hang it on hanger and dry place away from direct sunlight. Try to iron the pillowcase on the backside when slightly damp and use a cool setting.', ""Best product for Mother's Day, Wedding Party, Anniversary Day, New Year, Spring, Summer, Autumn, Winter""]",[],uxcell,"{""Brand"": ""Uxcell"", ""Material"": ""Mulberry Silk"", ""Size"": ""Travel(14\""x20\"")"", ""Product Dimensions"": ""20\""L x 14\""W"", ""Color"": ""Pearl White"", ""Closure Type"": ""Zipper"", ""Product Care Instructions"": ""Hand Wash Only"", ""Pattern"": ""Solid"", ""Number of Items"": ""1"", ""Thread Count"": ""400"", ""Fabric Type"": ""Mulberry Silk,silk"", ""Number of Sets"": ""1"", ""Number of Pieces"": ""1"", ""Item Weight"": ""1.76 ounces"", ""Manufacturer"": ""uxcell"", ""Item model number"": ""SYNCFHK004239"", ""Best Sellers Rank"": {""Home & Kitchen"": 293907, ""Bed Pillow Pillowcases"": 580}, ""Is Discontinued By Manufacturer"": ""No"", ""Date First Available"": ""April 29, 2017""}",B07GQRYWZ6
3,EZ Tofu Press- Best Tofu Press for Extra Firm Tofu | Easily Remove Water for Flavorful and Firm Tofu | Made in The USA,"['Plastic', 'Made in the USA', 'User-Friendly Design | This distinct tofu presser was designed for simplicity. A standard tofu maker consists of springs and elastic bands that can wear out and break. Make your tofu extra firm by simply placing your tofu block on the centering marks of EZ Tofu Press and tightening the knobs! This user-friendly design is what makes EZ tofu press dishwasher safe!', 'Say goodbye to DIY | The days of pressing tofu with a ramshackle homemade tofu maker kit are over! Press tofu with EZ Tofu Press by simply adding tension every 2-3 minutes until water is removed!', 'All Aboard the Tofu Xpress | In 15 minutes or less EZ Tofu Press will transform your water-logged organic tofu into an extra firm tofu block that is ready to be marinated and sliced into mouthwatering cubes. A very good addition to your kitchen gadgets.', 'Smooth | This organic tofu presser includes a stainless steel grommet top plate which allows for smoother pressing and eliminates plastic from getting into tofu like other brands.', 'Multi-Use | EZ tofu press can be used with most tofu mold sizes, both small and large portions can be press dried. This presser may also be used as a paneer presser to make homemade paneer.']",[],EZ Tofu Press,"{""Product Dimensions"": ""9 x 5.25 x 4 inches"", ""Item Weight"": ""1.1 pounds"", ""Manufacturer"": ""EZ Tofu Press"", ""Country of Origin"": ""USA"", ""Item model number"": ""N5-0GFL-H9GU"", ""Best Sellers Rank"": {""Kitchen & Dining"": 16743, ""Food Strainers"": 108}, ""Is Discontinued By Manufacturer"": ""No"", ""Specific instructions for use"": ""Press Tofu and Homemade Paneer"", ""Fabric Type"": ""Plastic, Stainless Steel"", ""Care instructions"": ""Dishwasher Safe"", ""Dishwasher compatible"": ""Yes"", ""Number of pieces"": ""1"", ""Warranty Description"": ""180."", ""Batteries required"": ""No"", ""Included Components"": ""EZ Tofu Press, Manual"", ""Import"": ""Made in the USA""}",B007LLGMG2
4,"12 Inch Home Letters with Wreath Wall Decor Living Room Black Wooden Home Sign Modern Farmhouse Decor Flower Garland Decoration Hanging Home Decor for Entryway Kitchen,Housewarming Present","['You will receive: you receive 3 pieces of black wooden letters, which contains large ""H,"" ""M,"" ""E"" and 1 piece green wreath in this package, which together form the words ""home,"" beautiful and ingenious decoration to adorn your home', 'Add natural and artistic sense: the 3 wooden letter H, M, E are finished with a rustic wood paint, while the letter O is a green wreath, which looks natural and refreshing, a contrast green color adds a modern and playful touch to the sign as an entire, nicely fit your rustic furniture style and bring your home artistic sense', 'General dimension: the wood home wall letters\xa0decoration measures approx. 30 x 30 cm/11.8 x 11.8 inch, and the green wreath measures approx. 30 cm/11.8 inch in diameter and 7 cm/2.75 inch in depth, proper size to decorate your house', 'Scope of applications: you can display the home sign wall letters on living room, kitchen, dining room, mantels, shelves, entryway table to create a warm and welcoming ornament for your home, also nice gifts choice for a wedding, birthday, housewarming and many other occasions', 'Safe and reliable: these wooden letters are non-toxic and no odd smell for safe use, durable and reliable, support you long lasting use, the green wreath is crafted with realistic artificial branch in pleasing tones, looks natural and delicate, never wither and fall, can serve you long time']","['3 Pieces 12 inch black wooden letters decorative home signs wall letters with green wreath flower garland for farmhouse living room, bedroom, kitchen, doorway decoration  Features:  Multiple applications: These decorative wooden letters add a nice touch to your living room decor, dining room decor, kitchen decor and any other family room decor. Fill in empty areas with this beautifully carved ""Home"" sign decor, can also be applied in wedding, birthday, anniversary, celebration and many other occasions.  Durable to use: These wooden letters are non-toxic and no odd smell for safe use, durable and reliable, support you long lasting use, the green wreath is crafted with realistic artificial branch in pleasing tones, looks natural and delicate, never wither and fall, can serve you long time.  Specification: Material: wood, artificial branch Color: as picture shows Size: Wooden letters: approx. 30 x 30 cm/11.8 x 11.8 inch Flower garland: approx. 30 x 7 cm/ 11.8 x 2.75 inch  Note: Please allow a little error on the size due to manual measurement. The color might exist slightly difference due to different displays.']",Jetec,"{""Item Weight"": ""1.3 pounds"", ""Manufacturer"": ""Jetec"", ""Best Sellers Rank"": {""Home & Kitchen"": 505822, ""Wreaths"": 793}, ""Diameter"": ""11.8 Inches"", ""Batteries required"": ""No"", ""Color"": ""Green"", ""Brand"": ""Jetec"", ""Material"": ""Wood"", ""Mounting Type"": ""Wall Mount"", ""Shape"": ""Letters""}",B08D959R43
5,EnviroCare Replacement Micro Filtration Vacuum Cleaner Dust Bags Designed to Fit Bissell Style 1 and 7 Uprights 18 Pack,"['18 EnviroCare Replacement Micro Filtration Vacuum Bags to fit: Fits PowerForce 3522 series vacuums, PowerGlide 3545 series vacuums, Bissell Plus 3350 series vacuum cleaners and BISSELL Lift-Off 3554 series vacuums.', 'Designed to Fit Bissell Plus 3550 Series Uprights 3522 3522-1 3522-4 3522-5 3522-6 3525 3545 35451 3545-2 3545-3.', '99.7% Filtration Traps Microscopic Particles and Allergens', 'Manufactured by EnviroCare Technologies the leader in premium aftermarket Vacuum bags and Filters']",[],EnviroCare,"{""Product Dimensions"": ""8 x 3.8 x 8.9 inches"", ""Item Weight"": ""1.5 pounds"", ""Manufacturer"": ""EnviroCare"", ""Item model number"": ""840"", ""Best Sellers Rank"": {""Home & Kitchen"": 55741, ""Replacement Upright Vacuum Bags"": 42}, ""Is Discontinued By Manufacturer"": ""No"", ""Batteries required"": ""No"", ""Compatible Devices"": ""Vacuum Cleaner"", ""Brand"": ""EnviroCare"", ""Special Feature"": ""Premium"", ""Number of Items"": ""18"", ""Item Dimensions LxWxH"": ""8 x 3.8 x 8.9 inches""}",B00P8FTHFG
6,"FUNTRESS Pictures Frame Collages for Diplomas Wall Hanging Poster Frame Wooden Living Room Pictures Frame with Mat (10x14 2 Pieces, Black)","['1.The FUNTRESS Pictures Frames Made of Solid Wood,Environmental Paint,High Quality and Durable.Handmade Frames Ready to Hang the Frames on the Wall of Living Room&Baby Room&Stair Case', '2.Frames Size:2 Pieces 10x14 Photo Frames,Fits 10x14 Photo&Pictures.Actual Frame size (finished size) is 11.4x15.4 Inch and the Frame is 0.7 Inch Wide.Wide Lines Give More Beauty to Photos&Pictures.', '3.Black Color Pictures Frames,It is Safe and Reliable to Use Highly Environmentally Friendly Non-toxic Paint.Raw Material Pine Boards are Steamed and Dried at High Temperature.The Frames are Small Deformation,Good Color and Texture.', '4.Each Frame is Polished 3 Times and Processed by 3 Different Polishing Groups to Check Each Other.Hand Polishing,Fine Work.Frames with Sharp Edges and Corners are of High Quality.', ""5.We are Committed to Creating Excellent Living Room,Staircase,Children's Room Wall Decoration Art,So that a Good Memory of Three-dimensional Presentation in Our lives,In Rrder to Achieve This Goal,We Promise to Ensure the Quality of Photo Frame Products for One year. If There is Any Requirment,Please Contact Us to Solve It.""]","['2 Pieces 10x14 Picture Frame Fit documents, posters, diamond painting, certificates or A4 paper']",FUNTRESS,"{""Brand"": ""FUNTRESS"", ""Color"": ""Black"", ""Product Dimensions"": ""15.4\""L x 11.4\""W"", ""Shape"": ""Rectangular"", ""Mounting Type"": ""Wall Mount"", ""Frame Type"": ""Poster Frame"", ""Frame Material"": ""Wood"", ""Finish Type"": ""Paint,Polished"", ""Theme"": ""Wood"", ""Target Audience"": ""Unisex Adult"", ""Cover Material"": ""Paper"", ""Unit Count"": ""2 Count"", ""Item Weight"": ""2.64 pounds"", ""Manufacturer"": ""FUNTRESS"", ""Best Sellers Rank"": {""Home & Kitchen"": 55731, ""Wall & Tabletop Picture Frames"": 540}, ""Finish types"": ""Paint,Polished"", ""Number of pieces"": ""2"", ""Batteries required"": ""No""}",B09B6MCGY2
7,iKNOW FOTO Turquoise Wall Decor for Bedroom 3 Piece Canvas Wall Art Teal Blue Rose Flowers Pictures Prints Black and White Painting Framed Artwork Ready to Hang Each Size 12x16,"['SIZE:Each Panel is 12x16inch, total 3pcs/set', 'High definition picture photo prints on canvas with vivid color on thick high quality canvas to create the look and feel of the original nature and masterpiece', 'Our canvas is stretched tightly over edges of a sturdy,wooden stretched bar frame', 'This amazing canvas print is the perfect enhancement for your living room,Kitchen,bedroom,bathroom or office', 'Due to different brand of monitors, actual wall art colors may be slightly different from the product image']",[],iKNOW FOTO,"{""Size"": ""12x16inchx3pcs"", ""Product Dimensions"": ""16\""L x 12\""W"", ""Number of Items"": ""3"", ""Orientation"": ""Landscape"", ""Shape"": ""Rectangular"", ""Theme"": ""Rose"", ""Frame Type"": ""Wrapped Canvas"", ""Wall Art Form"": ""Painting"", ""Material"": ""Polyester"", ""Color"": ""Black"", ""Style"": ""Art Deco"", ""Room Type"": ""Bathroom,Bedroom,Kitchen,Living Room,Office"", ""Brand"": ""iKNOW FOTO"", ""Frame Material"": ""Pine Wood"", ""Mounting Type"": ""Wall Mount"", ""Item Weight"": ""2.18 pounds"", ""Manufacturer"": ""iKNOW FOTO"", ""Item model number"": ""iK2321"", ""Best Sellers Rank"": {""Home & Kitchen"": 1378116, ""Posters & Prints"": 74380}, ""Number of pieces"": ""3"", ""Batteries required"": ""No""}",B08X49W14Y
8,"LuxStep Kitchen Mat Set of 2 Anti Fatigue Mat, Non Slip Kitchen Rugs and Mats Waterproof Memory Foam Kitchen Rug, Standing Desk Mat Floor Mats for House,Sink,Office,Kitchen (Chocolate)","['üòçExtra Thick for Comfort: 0.4inch(10mm) thick kitchen floor mat provides more cushion and stability. Our anti fatigue mat is safer and more comfortable. Perfect for people who stand for long periods of time, and help relieve back pain, pressure of your knees,and the fatigue of your feet caused by standing.', 'üòçWaterproof and Easy Care: when water, stains or oil splashes on the kitchen mats, rinse off with cold water or wipe clean with a wet cloth and let it air dry for the daily care. This simple care routine saves your time and ensures your mat will be built to last for years to come.', 'üòçNon-Slip Texture: There is a unique non-slip texture design on the surface and the bottom of the standing mat for extra strong skid resistance that make mat keep in place well. This non slip memory foam kitchen mat have excellent grip so that you can safely stand on the standing desk mat without worrying about getting injury!', 'üòçPremium Materials: The antifatigue kitchen mats are made of high-quality PVC and thick foam. The premium material of floor mats for house will determine the durability, comfort, elasticity, softness. It keeps new as original even with continuous use.', 'üòçThe kitchen floor mats underlay should be clean, flat, and dry before placing the mat on the floor. Water or dust under mat may cause slippage.']",[],LuxStep,"{""Brand"": ""LuxStep"", ""Size"": ""17\""x29\""+17\""x47\"" -0.4 inch"", ""Material"": ""Leather"", ""Weave Type"": ""Machine Made"", ""Pile Height"": ""Low Pile"", ""Construction Type"": ""Machine Made"", ""Back Material Type"": ""Polyvinyl Chloride"", ""Color"": ""Chocolate"", ""Indoor/Outdoor Usage"": ""Indoor"", ""Is Stain Resistant"": ""Yes"", ""Product Care Instructions"": ""Hand Wash Only"", ""Pattern"": ""Geometric"", ""Shape"": ""Rectangular"", ""Special Feature"": ""Waterproof, Non-Slip, Stain Resistant"", ""Room Type"": ""Laundry Room, Kitchen"", ""Product Dimensions"": ""47\""L x 17\""W"", ""Rug Form Type"": ""Throw Rug"", ""Style"": ""Modern"", ""Occasion"": ""Housewarming"", ""Age Range (Description)"": ""Adult"", ""Number of Pieces"": ""2"", ""Item Thickness"": ""0.5 Inches"", ""Item Weight"": ""4.64 pounds"", ""Manufacturer"": ""LuxStep"", ""Best Sellers Rank"": {""Kitchen & Dining"": 8683, ""Kitchen Rugs"": 46}, ""Date First Available"": ""April 27, 2021""}",B09MMJKHV5
9,"Tervis 1293211 Harry Potter-the Marauder's Map Insulated Tumbler with Clear and Black Hammer Lid, 30 oz Stainless Steel, Silver","['Double-Wall Vacuum Insulation to keep hot drinks hot and cold drinks cold', 'BPA Free', 'Premium grade copper lined 18/8 stainless steel', 'Limited Lifetime', '24 hours ice cold 8 hours piping hot']","[""Grab a Marauder's Map tumbler for access to every corner in Hogwarts‚Äîand long-lasting hot or cold potions and elixirs Splash-proof shatter-proof and easy-close lid Up to 24 hours ice cold or 8 hours piping hot Comes with a standard lid and a lifetime""]",Tervis,"{""Brand"": ""Tervis"", ""Material"": ""Stainless Steel"", ""Color"": ""Silver"", ""Capacity"": ""30 Fluid Ounces"", ""Special Feature"": ""Manual"", ""Style"": ""Contemporary"", ""Theme"": ""Food & Beverage"", ""Recommended Uses For Product"": ""Travel, Home, Dining"", ""Occasion"": ""Halloween"", ""Included Components"": ""Tumbler & Lid"", ""Specific Uses For Product"": ""Cold Drinks"", ""Shape"": ""Round"", ""Pattern"": ""Solid"", ""Product Care Instructions"": ""Hand Wash Only"", ""Age Range (Description)"": ""Adult"", ""Material Feature"": ""Insulated"", ""Reusability"": ""Reusable"", ""Unit Count"": ""1.0 Count"", ""Product Dimensions"": ""4 x 4 x 8.5 inches"", ""Number of Items"": ""1"", ""Package Type"": ""Standard Packaging"", ""Item Weight"": ""15.2 ounces"", ""Manufacturer"": ""Tervis Tumbler Company"", ""Country of Origin"": ""China"", ""Item model number"": ""01293211"", ""Best Sellers Rank"": {""Kitchen & Dining"": 306941, ""Tumblers & Water Glasses"": 11891}, ""Is Discontinued By Manufacturer"": ""No"", ""Date First Available"": ""June 25, 2018""}",B086BXTRGJ
10,"ZG Home Memory Foam Cervical Premium Pillow with Hypoallergenic Cover, Orthopedic Contour Pillow, Neck & Shoulder Pain Relief for Back, Side & Stomach Sleepers (24‚Äùx15‚Äù) - Queen","['üåô„ÄêPRESSURE RELIEF„Äë Ergonomics design, conforms to the natural curve of your body and supports your head and neck. Reduces neck & back pain, alleviates shoulder stiffness, promotes proper spine alignment, and helps your muscles relax. Best pressure relief for you.', 'üåô„ÄêDESIGN FOR COMFORT FEELING„ÄëSuit all kinds of sleepers(side, back, stomach). Soft and slow rebound memory foam contour pillow relieve snoring and orthopedic pain and ensure to give you the superior comfort. ZG-Home cervical support pillow is ideal for the elderly, office workers, students, snorers, and those with sleep disorders.', 'üåô„ÄêMEMORY FOAM„Äë Make from upgrade memory foam and ensure the pillow can remain consistent firmness and comfortable soft all year. ZG-Home Cervical Pillow is odour free, and contain no formaldehyde, no mercury, lead or heavy metals, bring you a safe and healthy sleeping night.', 'üåô„ÄêFOR ALL SLEEP HABITS„Äë The memory foam pillow is queen size 24‚Äô‚Äô√ó15‚Äô‚Äô. Designed with 2 sides, one higher (5"") and one lower (4. 5"") , which allows it to be perfect for all kinds of sleepers (side / back / stomach). Here is always one side that suits your sleep habits', 'üåô„ÄêHYPOALLERGENIC VELVET PILLOW COVER„ÄëThe hypoallergenic material is breathable and fresh that will not feel crinkly and prevent the over heating. Soft velvet made memory foam pillow cover, it is full removable and machine washable. More convenient for your healthy and easy life.']",[],ZG Home,"{""Brand"": ""ZG Home"", ""Special Feature"": ""Washable, Removable Cover"", ""Color"": ""White"", ""Size"": ""1 Pack - Soft"", ""Fill Material"": ""Memory Foam"", ""Shape"": ""Rectangular"", ""Age Range (Description)"": ""Adult"", ""Use for"": ""Neck"", ""Material"": ""Memory Foam"", ""Item Firmness Description"": ""Soft"", ""Product Care Instructions"": ""Machine Wash"", ""Number of Pieces"": ""1"", ""Material Feature"": ""Hypoallergenic, Breathable"", ""Variety"": ""Memory Foam,Memory,Cervical Pillow"", ""Material Type Free"": ""Pesticide Free"", ""Fabric Type"": ""Velvet Cover"", ""Model Name"": ""ZG-102"", ""Package Dimensions"": ""17.83 x 6.85 x 6.18 inches"", ""Item Weight"": ""2.79 pounds"", ""Manufacturer"": ""ZG Home"", ""Country of Origin"": ""China"", ""Item model number"": ""Soft 1 PK"", ""Best Sellers Rank"": {""Home & Kitchen"": 215394, ""Neck & Cervical Pillows"": 326}, ""Date First Available"": ""March 23, 2020""}",B09DS2B8BG
11,"OstepDecor 1.5mm Thick Frosted Table Cover, 48 x 32 Incheses, Coffee Table Cover, Heavy Duty Table Top Cover Table Mat, Transparent Table Cover","['‚úîÔ∏è„ÄêUpdated Version Frosted„Äë: This frosted table protector is recommended for glass, glossy, marble, white and other smooth surfaces.Unlike clear one, it will not leave bubbles or water marks on these tops. Use with the smooth side up and the textured side down.', '‚úîÔ∏è„ÄêMaterial„Äë: This waterproof desktop protector is made of PVC material without BPA, o-benzene, and formaldehyde. It can be in direct contact with food. Maximum heat resistant up to 176¬∞F/80¬∞C, it can tolerate warm plates & cup. A placemat on top of it is recommended for hot plates.', '‚úîÔ∏è„ÄêCut to Size„Äë: You can mark the exact size with a pencil, and then use a sharp knife or scissors to cut. Note: We reserve a size longer than the actual size to reduce the size. If you need a custom size, please go to OstepDecor storefront, find Have a question for OstepDecor? Click Ask a question to contact us for your customization request.', '‚úîÔ∏è„ÄêEasy to Clean„Äë: Waterproof and dustproof, simply use a dishcloth to wipe stains or clean the pad with water. The table cover protector allows you to enjoy and protect your beautiful desktop, tabletops, or additional surfaces.', '‚úîÔ∏è„ÄêWe Care About You„Äë: OstepDecor will be fully responsible for every product that has been sold. We are a professional manufacturer of household products. If you have any questions, please contact us in time, we will provide you with services 24/7.']",[],OstepDecor,"{""Package Dimensions"": ""36 x 3.25 x 3.25 inches"", ""Item Weight"": ""4.51 pounds"", ""Manufacturer"": ""OstepDecor"", ""Best Sellers Rank"": {""Kitchen & Dining"": 325, ""Table Pads"": 1}, ""Number of pieces"": ""1"", ""Batteries required"": ""No""}",B098QBNX1R
12,Cook N Home Universal Bamboo Knife Block Storage Holder Organizer 5.5x5.5x10-inch,"['Made of natural Bamboo that is durable and looks great', 'Holds most commonly used knives and accessories up to 8 inches deep', 'Flexible ""plastic fiber"" hold different knife shape and size, in any position, no slot needed', '""Plastic Fiber"" is removable and dishwasher safe.', 'Knife not included, opening 5. 5-inch x 5. 5-inch x height 10-inch']","['Made of natural Bamboo that is durable and looks great ; Holds most commonly used knives and accessories up to 8 inches deep ; Flexible ""plastic fiber"" hold different knife shape and size, in any position, no slot needed. ""Plastic Fiber"" is removable and dishwasher safe. Knife not included, opening 5. 5-inch x 5. 5-inch x height 10-inch']",Cook N Home,"{""Color"": ""Bamboo"", ""Material"": ""Bamboo"", ""Brand"": ""Cook N Home"", ""Is Dishwasher Safe"": ""Yes"", ""Style"": ""Universal Slot"", ""Product Dimensions"": ""5.5\""D x 5.5\""W x 10\""H"", ""Item Weight"": ""7.28 pounds"", ""Manufacturer"": ""Cook N Home"", ""Country of Origin"": ""China"", ""Item model number"": ""02666"", ""Best Sellers Rank"": {""Kitchen & Dining"": 250761, ""Knife Blocks"": 267}, ""Date First Available"": ""January 4, 2020"", ""Item Dimensions LxWxH"": ""5.5 x 5.5 x 10 inches""}",B083GM32SD
13,"Electric Blanket for Bed Twin Size, Soft Micro Plush Heated Blankets | Machine Washable with 20 Heating Levels & 10 Hours Auto Shut Off, Single Controller | 62x84 Inch, Ivory","[""SAFETY ASSURANCE: There are 20 heat settings to help give the perfect amount of comfort and warmth. Made with a 10-hour auto shut off so you don't have to worry about falling asleep with your throw still on. UL certified safety standard."", 'Soft and Even Heat Distribution: The dual-sided heated blanket from MP2 is constructed with one 200 GSM microlight side and one 200GSM berber side which offers an extra soft hand-feel. Ultra-thin electrical wires that promote even heat distribution without making the blanket feel heavy or excessively bulky', 'Lower Your Heating Bill: Electric blankets are actually cheaper to use than cranking the heat in your house. Using MP2 electric blanket lets you turn the heat down at night, then the additional cost can actually be a money saving investment', ""Size and Controllers: MP2 blankets are available in throw, twin, full, queen, and king size. Queen and king size come with dual control settings, so the blanket's temperature can be adjusted for either side of the bed - perfect for those who share their bed with a partner who prefers a different temperature"", 'Care and Guarantee: To clean your blanket, just remove the plug and controllers before putting your blanket in the washing machine. Use the gentle setting on your washer and the low heat setting on your dryer. MP2 also offers 5 - Year Warantty']","[""About Mp2 Heated Blanket: MP2 electric blanket allows you to feel cozy in the colder weather, helps you to sleep better, and is an affordable option when compared to running your heater at a higher temperature all night long. Our electric blanket is suitable for people who have trouble staying warm when they sleep. Couples with different temperature preferences. How to Care for a electric blanket? First, you must see MP2's care and instructions that are in our package so everyone stays safe. Aim to keep your electric blanket spread out evenly and not bunched up in a ball, which can create hot spots or damage the wires. When not in use, make sure to unplug and neatly fold the blanket to keep it in pristine condition. If you notice any brown spots on your blanket, stop using it immediately and purchase a replacement: the brown spots likely mean it has overheated, causing burnt areas.""]",MP2,"{""Material"": ""Polyester"", ""Color"": ""Ivory"", ""Brand"": ""MP2"", ""Special Feature"": ""Corded"", ""Style"": ""Modern"", ""Age Range (Description)"": ""Adult"", ""Product Dimensions"": ""12.5 x 15.5 x 5 inches"", ""Theme"": ""Plain"", ""Pattern"": ""Solid"", ""Seasons"": ""Winter, Autumn, Spring"", ""Product Care Instructions"": ""Machine Wash"", ""Size"": ""Twin"", ""Fabric Type"": ""Polyester"", ""Number of Items"": ""1"", ""Item Weight"": ""4.69 pounds"", ""Manufacturer"": ""MP2"", ""Country of Origin"": ""China"", ""Item model number"": ""MPT54-0017"", ""Best Sellers Rank"": {""Home & Kitchen"": 165724, ""Electric Blankets"": 103, ""Bed Blankets"": 334}, ""Date First Available"": ""November 1, 2019""}",B08M9K375M
14,"Crock-Pot 6 Quart Cook & Carry Programmable Slow Cooker with Digital Timer, Stainless Steel (SCCPVL610-S-A)","['6 quart Cook & Carry Slow Cooker serves 7 plus people', 'Digital countdown control lets you program cook times anywhere from 30 minutes up to 20 hours; shifts to Warm setting automatically once cook time completes', 'Easy to use locking lid featuring lid gasket provides extra seal for less mess on the go', 'All Crock Pot Slow Cooker removable stone inserts (without lid) may be used safely in the microwave and the oven set up to 400 degree F; If you own another slow cooker brand, please refer to your owner‚Äôs manual for specific crockery cooking medium tolerances', 'Works on 240 Watts at 120V A.C; and 60Hz']","['The Crock Pot Programmable Cook & Carry Slow Cooker with Digital Timer is made for portability. Its secure locking lid and rubber gasket create an airtight seal, helping to prevent spills on the road food stays inside, and you arrive at your destination without any worry or mess. Bring this portable slow cooker to potlucks, family gatherings, tailgating, parties and more. The digital panel allows you to customize your cooking time between 30 minutes and 20 hours, and set the temperature on High, Low, and and Warm. After cooking is complete, the slow cooker will automatically shift to Warm for up to 6 hours to help maintain food temperature and flavor. With dishwasher safe components, this is the perfect digital slow cooker just about anytime you need to transport food prepared at home. Recipes included. Weight: 16.18 Pounds,Cord length: 24 inch.']",Crock-Pot,"{""Product Dimensions"": ""17 x 11.8 x 9.8 inches"", ""Item Weight"": ""13.5 pounds"", ""Manufacturer"": ""Crockpot"", ""Domestic Shipping"": ""Item can be shipped within U.S."", ""International Shipping"": ""This item can be shipped to select countries outside of the U.S.  Learn More"", ""Country of Origin"": ""China"", ""Item model number"": ""SCCPVL610-S-A"", ""Best Sellers Rank"": {""Kitchen & Dining"": 1355, ""Slow Cookers"": 7}, ""Is Discontinued By Manufacturer"": ""No"", ""Date First Available"": ""October 1, 2013""}",B07RK4KG5R
15,"LITBLOOM Lighted Eucalyptus Tree 4FT 160 Fairy Lights, Artificial Plant Tree with Lights for Indoor Outdoor Home Bedroom Wedding Spring Decoration","['„ÄêFLOOR PLANT LIGHTS„Äë: This 4FT lighted tree is uniquely designed the artificial greenery with 160L cozy warm white fairy leds for home year round and holiday decor', '„ÄêLIFELIKE TEXTURE„Äë: Vivid bark texture crafted on the tree trunk and grey green eucalyptus leaves on the twigs make the faux tree looks like a piece of artwork (insert the leaves back on the branches when falling down)', '„ÄêINDOOR OUTDOOR USE„Äë: This light up twig tree is waterproof for indoor outdoor use. A perfect home daily decor peice for fireplace, living room, bedroom, shop window, entryway, porch, patio, garden, birthday, party, wedding, DIY event.', ""„ÄêDIY SHAPE„Äë: The branches of the eucalyptus tree are flexible but sturdy to shape at will. Style it with a few sentimental ornaments hung from the branches for Easter, Valentine's day, Thanksgiving and Winter Christmas"", '„ÄêSAFE TO USE„Äë: Apart from being waterproof IP44 for outdoor use, the light up tree is also designed with low output voltage (3.5V) to ensure safety. Light weight but sturdy with K-D structure for an easy use.']",[],LITBLOOM,"{""Product Dimensions"": ""7 x 7 x 48 inches"", ""Item Weight"": ""2 pounds"", ""Manufacturer"": ""Hairui Decor Lights"", ""Country of Origin"": ""China"", ""Item model number"": ""HR-LMT160-ET-4FT-A-3.5V-LB"", ""Best Sellers Rank"": {""Home & Kitchen"": 89459, ""Christmas Trees"": 11}, ""Date First Available"": ""April 27, 2020"", ""Color"": ""Green"", ""Brand"": ""LITBLOOM"", ""Material"": ""Plastic"", ""Theme"": ""Christmas"", ""Item Dimensions LxWxH"": ""7 x 7 x 48 inches""}",B08C7PF4D2
16,"VASAGLE Floor Cabinet, Multifunctional Bathroom Storage Cabinet with 3-Tier Shelf, Free-Standing Linen Tower, Wooden Cupboard, White UBBC63WT","['[Practical Storage for Small Space] Need to make the most of limited space in your apartment? This country-style floor cabinet offers ample storage space while taking up little floor area', '[Reliable Quality] Our bathroom cabinet is made of premium EPA-certificated MDF, which promises a long service life; environmentally friendly lacquered surface feels smooth to the touch', '[Hassle-Free Storage] 3 open storage shelves for various bathroom essentials; shelf has 3 height settings behind the door for items of different sizes', '[Superior Stability] VASAGLE tall cabinets are all designed with stability as its priority; the stable construction ensures a safe stand; you can also fix it to the wall with the included anti-toppling fittings', '[What You Get] A linen tower that helps you tuck away all the mess when running out of space for storage, plus numbered parts and clear instructions that facilitate the assembly process']","['Always annoyed with the chaos in the bathroom, living room, or corridor? The tall cabinet from VASAGLE is a practical solution for you.', 'Decorates Your Home', 'Painted white, the cabinet looks elegant and attractive in country home style, it serves not only as a piece of furniture, but also as a decoration in the home.', 'Sophisticated Design', 'The door can swivel 180¬∞ and is equipped with a chrome-plated metal handle, which makes handling easier. The hidden storage space behind the door can be divided as required by a shelf, which can be adjusted to 3 positions. You can store different items to protect them from dust and water. The open storage shelves offer ample space for frequently used bathroom essentials.', 'VASAGLE is committed to offering high-quality furniture to create a cozy and comfortable atmosphere for your home.', 'Specifications:', '- Color: White- Material: MDF (Passed EPA TSCA TITLE VI Certification by SGS)- Product Size:12.6‚ÄùD x 15.7‚ÄùW x 63‚ÄùH (32 x 40 x 160 cm)- Product Weight: 28.7 lb (13 kg)', 'Package Contents:', '- 1 x Floor Cabinet- 1 x Accessory Kit- 1 x Instructions', 'VASAGLE Notes:', '- Use by children: only under adult supervision.- Children are not allowed to climb or stand on the product to avoid personal injury caused by the product tilting or tipping over.']",VASAGLE,"{""Brand"": ""VASAGLE"", ""Color"": ""White"", ""Recommended Uses For Product"": ""Bathroom"", ""Product Dimensions"": ""12.6\""D x 15.7\""W x 63\""H"", ""Mounting Type"": ""Floor Mount"", ""Room Type"": ""Bathroom"", ""Included Components"": ""1 x Floor Cabinet, 1 x Accessory Kit, 1 x Instructions"", ""Size"": ""15.7 in (W)"", ""Number of Shelves"": ""3"", ""Product Care Instructions"": ""Wipe with Damp Cloth"", ""Item Weight"": ""28.7 pounds"", ""Base Type"": ""Legs"", ""Installation Type"": ""Freestanding"", ""Back Material Type"": ""Engineered Wood"", ""Assembly Required"": ""Yes"", ""Country of Origin"": ""China"", ""Item model number"": ""UBBC63WT"", ""Is Discontinued By Manufacturer"": ""No"", ""Weight"": ""28.6 Pounds"", ""Best Sellers Rank"": {""Home & Kitchen"": 18530, ""Storage Cabinets"": 7}, ""Date First Available"": ""May 1, 2018"", ""Material Engineered Wood"": """", """": ""Shape Rectangular"", ""Number of Doors 1"": """"}",B0BLHL9K9R
17,"EsyDream 3D Oil Red Rose Bedding Sets 5 Pieces, Valentine Day King Size Floral Duvet Cover Set for Girls Women Couple Lover, Duvet Cover + Flat Bed Sheet + Fitted Sheet+2pcs Pillowcase, No Filling","['100% Cotton', 'Imported', '5-Pieces 3D Red Rose Bedding (King Size )---1pc Rose Print Duvet Cover 220x240cm (87‚Äô‚Äôx 95‚Äô‚Äô) ,1pc Rose Print Fitted Bed Sheet 180x200cm( 70‚Äô‚Äôx78‚Äô‚Äô+12‚Äô‚Äô),1pc Red Pure Color Flat Bed Sheet 96‚Äô‚Äôx107‚Äô‚Äô,2pc Rose Print Pillow case 20‚Äô‚Äôx28‚Äô‚Äô; NO COMFORTER INSERT.', 'Package‚Äî1pc Duvet Cover +1pc Flat Bed Sheet +1pc Fitted Bed Sheet+2pc Pillowcase, Not Comforter,No Filling.', 'HD Digital Print Technology---This 3D Rose Bedding Sets is Printing by HD Digital, Vibrant in Color and No Fade Issue. Bring the unique feelings to your bedroom.', 'Convenient Design---Provide the Fitted Bed Sheet And Flat Bed Sheet For Alternate washing,(Remark : flat bed sheet it‚Äôs the pure color no print, fitted bed sheet it‚Äôs print the 3d rose floral),Duvet Cover it‚Äôs the Zipper closure and 4 Ties at each corner Design.', 'Return Policy Details---EsyDream 3D Rose Bedspreads Bedding are designed to offer you a unique and sophisticated sleeping experience. You can return your purchase for up to 90 days from the shipping date.']",[],EsyDream,"{""Size"": ""King"", ""Material"": ""Cotton"", ""Color"": ""Red"", ""Pattern"": ""Patchwork"", ""Brand"": ""EsyDream"", ""Number of pieces"": ""5"", ""Special Feature"": ""Fade Resistant"", ""Style"": ""Art Deco"", ""Included Components"": ""Duvet, Fitted Sheet"", ""Closure Type"": ""Zipper"", ""Thread Count"": ""500"", ""Care instructions"": ""Machine Wash"", ""Theme"": ""Floral,Valentine"", ""Item Dimensions LxWxH"": ""17 x 13.5 x 2.5 inches"", ""Item Weight"": ""5.91 pounds"", ""Product Dimensions"": ""17 x 13.5 x 2.5 inches"", ""Manufacturer"": ""Forever Green Home Textile"", ""Country of Origin"": ""China"", ""Best Sellers Rank"": {""Home & Kitchen"": 1897477, ""Bedding Duvet Cover Sets"": 3815}, ""Is Discontinued By Manufacturer"": ""No"", ""Fabric Type"": ""100% Cotton"", ""Batteries required"": ""No"", ""Import"": ""Imported""}",B014P7ZDOG
18,"Stone Cottage - Queen Duvet Cover Set, Reversible Cotton Sateen Bedding with Matching Shams, All Season Home Decor (Camden Blue, Queen)","['100% Cotton', '100% Cotton', 'Sateen Cotton Construction - with a soft and breathable feel', 'Set includes: One duvet cover (92""L x 88""W) and two shams (21""L x 27""W)', 'Duvet cover features zipper closure and additional inner corner ties', 'Adds gorgeous rustic charm to your bedroom d√©cor']","['Transcend trends by mixing classic and cottage favorites to create a look that is all yours. The Stone Cottage Camden Duvet Cover Set features a beautiful blue and white damask design feels fresh and modern in an oversized scale and the simple ticking stripe reverse keeps the mood relaxed. Printed on luxurious 230 thread count cotton sateen, the inviting, silky smooth hand will keep you cool and comfortable in any season. Solid color sheets are always an option, but keep things interesting by layering in a cottage floral print like our Sketchy Ditsy cotton sheet set for a unique pattern mix. Accessorize with our Asher grey European shams and Whitehills channel stitched grey quilt for an added level of luxury and comfort. Ensemble is machine washable for easy care. Duvet cover features button closure and addtional inner corner to secure duvet insert in place. Duvet insert is not included. Full/Queen duvet cover set includes: one duvet cover (92""L x 88""W) and two shams (21""L x 27""W). King duvet cover set includes: one duvet cover (92""L x 106""W) and two shams (21""L x 37""W).']",Stone Cottage,"{""Size"": ""Queen"", ""Material"": ""Sateen, Cotton, 100% Cotton"", ""Color"": ""Camden Blue"", ""Pattern"": ""Floral"", ""Brand"": ""Stone Cottage"", ""Number of Pieces"": ""3"", ""Special Feature"": ""Breathable"", ""Style"": ""Cottage"", ""Included Components"": ""One duvet cover and two shams"", ""Closure Type"": ""Button, Zipper"", ""Thread Count"": ""230"", ""Age Range (Description)"": ""Adult"", ""Product Care Instructions"": ""Machine Wash"", ""Theme"": ""Cottage,Rustic"", ""Seasons"": ""All"", ""Item Dimensions LxWxH"": ""11 x 9 x 4 inches"", ""Product Dimensions"": ""11 x 9 x 4 inches"", ""Item Weight"": ""3.6 pounds"", ""Manufacturer"": ""Revman International"", ""Country of Origin"": ""Mexico"", ""Item model number"": ""USHSFN1126213"", ""Best Sellers Rank"": {""Home & Kitchen"": 1002650, ""Bedding Duvet Cover Sets"": 1928}, ""Fabric Type"": ""100% Cotton"", ""Assembly required"": ""No"", ""Batteries required"": ""No""}",B089LG6FVJ
19,"Sun Joe SPX3000 2030 Max PSI 1.76 GPM 14.5-Amp Electric High Pressure Washer, Cleans Cars/Fences/Patios","['[POWERFUL]: 14.5-Amp/1800-watt motor generates up to 2030 PSI (at initial discharge per CSA internal pressure testing) and 1.76 GPM (with nozzle open at minimum pressure) of water flow.Water Inlet Pressure (max) 0.7 Mpa', '[VERSATILE]: Tackle a variety of cleaning tasks: homes, buildings, RV‚Äôs, cars, trucks, boats, decks, driveways, patios, lawn equipment, and more. With two 0.9 L onboard detergent tanks, removable tanks carry and store different types of detergent to simultaneously tackle different cleaning projects.', '[TSS (Total Stop System)]: Automatically shuts off pump when trigger is not engaged to save energy and prolong pump life.', '[MAX PSI]: At initial discharge per CSA internal pressure testing. Max GPM with nozzle open at minimum pressure.', '[NOTE]: To ensure a fully functioning washer, please make sure all hoses and cleaner connections are properly and securely fastened.']","['THIS ELECTRIC PRESSURE WASHER GETS YOUR DIRTY WORK DONE. The Sun Joe SPX3000¬Æ pressure washer delivers it all to tackle a variety of cleaning tasks: homes, buildings, RV‚Äôs, cars, trucks, boats, decks, driveways, patios, lawn equipment, and more. OUR BEST-SELLING PRESSURE WASHER, THE SPX3000¬Æ COMBINES POWER, PERFORMANCE, AND VERSATILITY. This pressure washer packs a powerful punch with its 1800-Watt/14.5-amp motor. The Sun Joe SPX3000¬Æ electric pressure washer can remove tar and grease from concrete, heavy mildew stains, oil stains, rust from steel, caked mud on equipment, and other stubborn gunk and grime. THIS ELECTRIC PRESSURE WASHER CONSISTENTLY IMPRESSES CUSTOMERS WITH POWER AND PERFORMANCE. Equipped with a dual detergent tank system, the Sun Joe SPX3000¬Æ pressure washer carries and stores two different types of detergent simultaneously in its two 0.9 L onboard, removable detergent tanks. Conveniently switch between different detergents with its detergent selection dial and blast away all sorts of grime. This pressure washer features a 34-inch extension spray wand to access hard-to-reach areas, such as 2-story buildings and the undersides of automotive vehicles and lawn equipment. Plus, its rear wheels provide easy portability around your yard. THIS VERSATILE PRESSURE WASHER IS YOUR ULTIMATE DIRT FIGHTER. This pressure washer lets you tailor the pressure output of the spray to your cleaning need with Sun Joe‚Äôs five Quick-Connect spray nozzles (0¬∫, 15¬∫, 25¬∫, 40¬∫ and soap). Interchange nozzles to quickly go from a high-pressure 0¬∞ pencil point jet to a low-pressure 40¬∞ fan spray or apply detergent to the cleaning surface with the soap nozzle for additional cleaning power. Other features on the SPX3000¬Æ electric pressure washer include a 20-foot high pressure hose, 35-foot power cord, garden hose adapter, and a TSS (Total Stop System) trigger that automatically shuts off the pump when the trigger is not engaged to save energy and prolong pump life. The SPX3000¬Æ pressure washer comes with a full two-year warranty and is CSA listed.']",Sun Joe,"{""Brand"": ""Sun Joe"", ""Power Source"": ""Corded Electric"", ""Color"": ""Green"", ""Maximum Pressure"": ""2030 Pound per Square Inch"", ""Item Weight"": ""24.3 Pounds"", ""Hose Length"": ""20 Feet"", ""Product Dimensions"": ""19.5\""L x 15\""W x 22\""H"", ""Tank Volume"": ""1.8 Liters"", ""Maximum Flow Rate"": ""1.76 Gallons Per Minute"", ""Manufacturer"": ""Snow Joe LLC"", ""Country of Origin"": ""China"", ""Item model number"": ""SPX3000"", ""Best Sellers Rank"": {""Patio, Lawn & Garden"": 97, ""Pressure Washers"": 1}, ""Is Discontinued By Manufacturer"": ""No""}",B0BLGKF3B7
20,"COSTWAY 3-in-1 Stand Mixer, 800W 6-Speed Tilt-Head Food Mixer, 7 QT Upgraded Kitchen Electric Mixer w/ Whisk, Dough Hook, 2 Beaters and 304 Stainless Steel Bowl, Meat Grinder, Juice Blender, Sausage Stuffer (Black)","['3-IN1 MULTIFUNCTIONAL STAND MIXER------ Our versatile product is a combination of stand mixer, meat grinder and juice extractor. It is easy to use for making pastries and desserts. In addition, mincing meat and squeezing juice can be done at the same time. (components for meat grinder and sausage stuffer, as well as a 1.5 qt juice squeezer, are all included.)', 'POWERFUL MOTOR & 6+PULSE VARIABLE SPEED CONTROL------Equipped with an 800 W powerful motor and handy 6-speed control, together with a pulse function, The kitchen food mixer can easily implement multiple functions. 6-speed control features profit you in different occasions. 1-3 position: kneading dough; 2-4 position: mixing butter; 5-6 position: whisking eggs.', 'THREE ACCESSORIES TO ACHIEVE MULTIPURPOSE MIXING------Featuring 3 different kinds of attachments, 2 beaters, dough hook and eggs whisk, this stand mixer is easy to use to make cakes, breads, cookies, pastry, muffins and waffle. Other than that, the splash guard can prevent ingredient spillage. Rubber pads at the bottom provide stability.', 'HIGH QUALITY MATERIAL------On the one hand, the 7 quart mixing bowel is made of 304 stainless steel. Compared to normal stainless steel, 304 stainless steel has better high temperature and corrosion resistance. On the other hand, the main body of our electric mixer is made of ABS plastic, which offers you with long-term service.', 'HUMANIZED DESIGN------a. The motor will stop running once the head of our stand mixer is raised, which ensures safety. b. The design of the tilt-head is convenient to not only add ingredients, but also install or remove mixing bowl and attachments. c. 7 qt capacity bowl is enough to mix dough for 9 dozen cookies or 4 loaves of bread in a single batch.']",[],COSTWAY,"{""Brand"": ""COSTWAY"", ""Color"": ""Black"", ""Product Dimensions"": ""13.5\""D x 7.5\""W x 23\""H"", ""Material"": ""ABS Plastic + Stainless Steel"", ""Number of Speeds"": ""6"", ""Capacity"": ""7 Liters"", ""Voltage"": ""120 Volts"", ""Wattage"": ""800 watts"", ""Item Weight"": ""18.5 Pounds"", ""Is Dishwasher Safe"": ""Yes"", ""Manufacturer"": ""COSTWAY"", ""Best Sellers Rank"": {""Kitchen & Dining"": 278862, ""Household Stand Mixers"": 356}, ""Is Discontinued By Manufacturer"": ""No"", ""Date First Available"": ""April 17, 2019""}",B089GGCSMM
21,"Breville Juice Fountain Plus Juicer, Brushed Stainless Steel, JE98XL","['The Breville Juice Fountain Plus is the perfect way to get yourself into the world of juicing; This centrifugal juicer features a 3 inch extra wide fruit chute, dual speeds, lightning-quick operation and simple clean up', 'UNIQUE EXTRACTION SYSTEM: The Breville juicers titanium reinforced disc and Italian-made micro mesh filter basket are made out of stainless steel and together are designed for optimum juice and nutrient extraction', 'SHORT PREP TIME: The juicers unique 3 inch extra wide chute feed allows you to juice whole fruits and vegetables without pre-cutting', 'BUILT-IN FROTH SEPARATOR: Certain fruits or vegetables create froth when juiced; The juice jug features an integrated froth separator to pour more juice, less froth into the glass', 'CONVENIENT STORAGE: The power cord wraps around its feet under the base and the pulp container is detachable making the blender easy to store', 'TWO SPEED CONTROL: Use the low speed for softer fruits and leafy vegetables, and the high speed for denser fruits and harder vegetables', 'INCLUDED ACCESSORIES: 35.2 fl oz Juice Jug with Froth Separator and Cleaning Brush', 'CAPACITY: 35.2 fl oz Juice Jug and 2.6 qt Pulp Container', 'SETTINGS: Two Speed Electronic Control', 'WARRANTY: 1 Year Limited Product Warranty; Power: 850 Watts; Voltage: 110 to 120 Volts', 'Extra-wide 3-inch feeder chute can create 8oz. cup of juice in just 5 seconds', '850-watt dual-speed motor; powerful stainless-steel cutting disc for fast results', 'Safety locking arm; overload protection LED; large-capacity pulp collector', 'Dishwasher-safe parts; includes 1-liter juice jug with froth separator, filter basket, and cleaning brush', 'Measures approximately 13-1/5 by 16-1/2 by 18-1/5 inches; 1-year limited warranty']","['Construction Materials:Heavy Grade Polymer Body,Stainless Steel Cutters,Stainless Steel Micro Mesh Filter Basket,1.1qt Juice Jug,Large 2.6qt Pulp Container.']",Breville,"{""Brand"": ""Breville"", ""Color"": ""Brushed Stainless Steel"", ""Special Feature"": ""Programmable"", ""Product Dimensions"": ""13.2\""D x 16.5\""W x 18.2\""H"", ""Material"": ""Plastic"", ""Finish Type"": ""Brushed"", ""Recommended Uses For Product"": ""Residential"", ""Product Care Instructions"": ""Dishwasher Safe"", ""Capacity"": ""1 Liters"", ""Maximum Power"": ""850 Watts"", ""Wattage"": ""850 watts"", ""Item Weight"": ""9.9 pounds"", ""Power Source"": ""Corded Electric"", ""Blade Material"": ""Stainless Steel"", ""Voltage"": ""120 Volts"", ""Is Dishwasher Safe"": ""Yes"", ""Manufacturer"": ""Breville USA"", ""Item model number"": ""JE98XL"", ""Best Sellers Rank"": {""Kitchen & Dining"": 5675, ""Centrifugal Juicers"": 12}, ""Is Discontinued By Manufacturer"": ""No"", ""Date First Available"": ""March 25, 2010""}",B003R28HWQ
22,LLADR√ì Comforting Dreams Girl Figurine. Porcelain Baby Figure.,"['HANDMADE IN SPAIN: The highest-quality pieces handcrafted in Valencia, in the only LLADR√ì factory in the world. A team of expert artists and designers keep alive ancestral trades and techniques to turn porcelain into dreams. Sculptors, ornamenters, technicians, painters are all involved in the craftsmanship process... An endless number of hands that, one by one, leave their mark, an almost imperceptible imprint, making each artwork UNIQUE and EXCLUSIVE.', 'BEAUTY AND SUSTAINABILITY: Our goal is always to create beauty from a place of sustainability and respect, principles that are part of the brand‚Äôs DNA. Lladr√≥ respects all the resources involved in the process of creating, making and selling our porcelain artworks, to offer a BEAUTIFUL, SUSTAINABLE and DURABLE product.', 'QUALITY AND EXCELLENCE: The pursuit of perfection is not only part of the process of designing and creating the pieces, but also extends to quality control, where the finished SCULPTURE undergoes various tests to certify that it meets Lladr√≥‚Äôs high self-imposed standards. Excellence is also applied to the packaging, which is customised to the particularities of each piece, so that it reaches its final destination safely and in PERFECT condition.', 'A GIFT THAT WILL LAST A LIFETIME: The finest details come in the form of porcelain. Gifting a LLADR√ì artwork is synonymous with celebration and joy. It‚Äôs a way of saying: I love you, I am happy for your success or welcome. We have the perfect piece for every SPECIAL OCCASION, thanks to a wide range of artistic creations that your loved ones will value and treasure forever.', 'LLADR√ì: Founded in 1953, Lladr√≥ is the result of three brothers‚Äô passion for PORCELAIN; Juan, Jos√© and Vicente Lladr√≥. Over the years, the expressive possibilities of porcelain have been pushed to the limit, reaching its own unique and distinctive style, which has given the company international fame.']","['A baby girl, bow in hair, nestled in her basket.']",LLADR√ì,"{""Product Dimensions"": ""3 x 4.75 x 4 inches"", ""Item Weight"": ""10.4 ounces"", ""Manufacturer"": ""Lladr\u00f3"", ""Item model number"": ""1006710"", ""Best Sellers Rank"": {""Home & Kitchen"": 2447721, ""Collectible Figurines"": 25266}, ""Is Discontinued By Manufacturer"": ""No"", ""Assembly required"": ""No"", ""Number of pieces"": ""1"", ""Batteries required"": ""No""}",B0006V2XBW
23,"Instant Pot NOVA 6 Pressure Cooker, 6qt, Stainless Steel/Black","['Best for beginners: An upgrade to the all-time bestseller Instant Pot Duo series, the Duo Nova combines 7 appliances in 1: Pressure cooker, slow cooker, rice cooker, steamer, saute pan, food warmer, and yogurt maker. The 6Qt model is the most popular size, with a capacity to cook for up to 6 people ‚Äì if you‚Äôre on the fence about which size is right for you, you can‚Äôt go wrong with the 6Qt', 'Healthy & consistently delicious: Duo Nova is powered by a sophisticated micro-processor that monitors and adjusts pressure, temperature, time, and heat to cook food up to 70% faster than other methods and deliver consistent, delicious results every time. Automatic keep-warm for up to 10 hours', 'Smart lid: The new easy seal lid gives you 1 less thing to worry about because it automatically seals your Instant Pot. Steam release is also a breeze with the fast, safe push of the quick release button. And it even comes with a bonus sealing ring', 'Worry-free cooking: 10 plus safety features with UL certification let you ‚Äúset it and forget it.‚Äù You‚Äôre free to do other things while the Duo Nova cooks your dinner safely and quickly, with minimal mess and easy clean up. The Duo Nova‚Äôs food-grade stainless steel 304 (18/8) cooking pot is dishwasher-safe and durable, with no chemical coating.', 'Clear, simple controls: Elegant blue LCD intuitively indicates the cooking process of the multicooker. Convenient 1-touch control of 13 programs can be customized to remember the way you like to cook', 'Plenty of recipes: The free Instant Pot recipes app on iOS and Android devices has 1000 plus recipes to get you started on your culinary adventure. Join the millions of other Instant Pot users who share support, guidance, and the joy of cooking in the many Instant Pot online communities', 'A name you can trust: The Instant Pot Duo Nova family shares the most trusted name in cookers, bringing all the quality and convenience you‚Äôve come to expect from Instant Pot']","['Cooking with the most popular Instant Pot is even easier with the new Duo Nova multi-cooker. Its updated lid means you never again have to worry about whether or not you remembered to close the steam release valve because the Duo Nova lid automatically seals it, locking all the flavors, nutrients and aromas in your meal And to release the steam faster, just push the quick-release button to let the pressure out. It also has a new progress indicator on its bright blue display so you always know what‚Äôs happening inside, and 13 smart programs to help you start cooking whatever you want in a flash. With 4 different sizes‚Äîthe most popular 6Qt, as well as the 3Qt, 8Qt, and the massive new 10Qt ‚Äì the Duo Nova family of multi-cookers is perfect for both large and small families making everything from a quick side dish to whipping up big batches of prepared meals for the week. The Duo Nova is 7 appliances in 1: Pressure cooker, saute pan, steamer, slow cooker, rice cooker, food warmer, and yogurt maker. Clear the clutter from your counter and do it all with just one tool.Bearing Cap Type:Round']",Instant Pot,"{""Brand"": ""Instant Pot"", ""Capacity"": ""6 Quarts"", ""Material"": ""Stainless steel, Plastic"", ""Closure Type"": ""Outer Lid, Inner Lid"", ""Color"": ""Stainless Steel/Black"", ""Finish Type"": ""Stainless Steel"", ""Product Dimensions"": ""12.2\""D x 13.39\""W x 12.38\""H"", ""Special Feature"": ""Manual, Programmable"", ""Wattage"": ""1000 watts"", ""Voltage"": ""120 Volts"", ""Item Weight"": ""11.8 pounds"", ""Control Method"": ""Touch"", ""Controller Type"": ""Push Button"", ""Operation Mode"": ""Automatic"", ""Is Dishwasher Safe"": ""Yes"", ""Manufacturer"": ""Instant Pot"", ""Item model number"": ""DUONOVA60"", ""Best Sellers Rank"": {""Kitchen & Dining"": 26940, ""Electric Pressure Cookers"": 18}, ""Date First Available"": ""July 25, 2019""}",B09FZMC5KK
24,"VECELO Dining Chairs for Kitchen/Dining/Living/Lounge Room, Fabric Cushion Seat Back Sturdy Metal Legs, Set of 4,Grey","['Ergonomic Back design: this dining side chairs set has elegant and modern design with fabric Cushion seat and Back, backrest is designed based on ergonomic standard and human body features, comfortable and elegant.', 'Sturdy metal legs: Chairs are lightweight but sturdy, 4 Steel legs covered with wooden look Also with no-slip cover on the bottom of every leg, which makes this chair more safety and solid.', 'Versatile usage: retro and fashionable appearance and functional use. Eames Sturdy chairs can be used in dining Room, guest room, living room, kitchen room, lounge home, extra room, etc.', 'Easy assemble: hardware and manual are included. Only 4 screws needed, with\xa0the\xa0one-time\xa0molded\xa0steel\xa0stand, \xa0assembly\xa0requires\xa0less\xa0screws\xa0and\xa0time.', 'Excellent customer service: 2 years worry-free Quality assurance&friendly customer support, e-mail US when you Need help.']",[],VECELO,"{""Color"": ""Grey"", ""Brand"": ""VECELO"", ""Product Dimensions"": ""16.9\""D x 20.5\""W x 32.7\""H"", ""Style"": ""Round chair back"", ""Special Feature"": ""Arm Rest, Cushion Availability"", ""Material"": ""Metal"", ""Recommended Uses For Product"": ""Dining,Living,Lounge"", ""Room Type"": ""Dining Room \u58e4"", ""Frame Material"": ""Alloy Steel"", ""Age Range (Description)"": ""Adult"", ""Back Style"": ""Solid Back"", ""Unit Count"": ""4.0 Count"", ""Included Components"": ""1"", ""Item Weight"": ""41.2 pounds"", ""Shape"": ""Square"", ""Model Name"": ""for Kitchen/Dining/Living/Lounge Room,"", ""Seat Material Type"": ""Fabric"", ""Manufacturer"": ""VECELO"", ""Item model number"": ""Mid Century Dining Chairs"", ""Best Sellers Rank"": {""Home & Kitchen"": 1587625, ""Kitchen & Dining Room Chairs"": 2312}, ""Is Discontinued By Manufacturer"": ""No"", ""Form Factor"": ""Metal"", ""Assembly required"": ""Yes"", ""Batteries required"": ""No""}",B082MV4QP3
25,Echo X Series Back Pack Blower With Tube Throttle 79.9Cc,"['Industry-leading 48 Newtons blowing performance', '79.9cc backpack blower with tube throttle', 'Large top mounted pleated paper main filter plus foam prefilter for use in dusty conditions', 'Metal ring on blower pipe end reduces wear', 'Posi-loc keeps pipe connection secure for maximum durability']","[""The ECHO BACK PACK BLOWER WITH TUBE THROTTLE is equipped with 79.9cc backpack blower and has an intake system that draws cool air across the user's back for improved comfort in hot weather. The large top mounted pleated paper main filter plus foam prefilter helps protect it in dusty conditions.""]",Echo,"{""Brand"": ""Echo"", ""Color"": ""Black, Orange"", ""Power Source"": ""Gas Powered"", ""Form Factor"": ""Backpack"", ""Special Feature"": ""Adjustable Speed"", ""Noise Level"": ""48 dB"", ""Included Components"": ""User Manual"", ""Item Weight"": ""31 Pounds"", ""Material"": ""Plastic"", ""Recommended Uses For Product"": ""Home"", ""Style"": ""ECHO"", ""Item Dimensions LxWxH"": ""28 x 20 x 24 inches"", ""Product Dimensions"": ""28 x 20 x 24 inches"", ""Manufacturer"": ""ECHO BACK PACK BLOWER WITH TUBE THROTTLE""}",B08PKYS9NG